{
  "project_info": {
    "project_number": "654923910563",
    "firebase_url": "https://userdata-16236.firebaseio.com",
    "project_id": "userdata-16236",
    "storage_bucket": "userdata-16236.appspot.com"
  },
  "client": [
    {
      "client_info": {
        "mobilesdk_app_id": "1:654923910563:android:f6896a9a98bc7558",
        "android_client_info": {
          "package_name": "com.example.prfc"
        }
      },
      "oauth_client": [
        {
          "client_id": "654923910563-f0skkocj9bssn93rjvemavcijeei1evu.apps.googleusercontent.com",
          "client_type": 3
        }
      ],
      "api_key": [
        {
          "current_key": "AIzaSyAMXU11kEFfegsrgaqfcmQy2gAHInTMB0k"
        }
      ],
      "services": {
        "analytics_service": {
          "status": 1
        },
        "appinvite_service": {
          "status": 1,
          "other_platform_oauth_client": []
        },
        "ads_service": {
          "status": 2
        }
      }
    }
  ],
  "configuration_version": "1"
}